pagename_antenne,province,antenne,pagename_province,iso3,zonesante,grid3id,date,edit_par,source_acronym,sourceid,Shape_Length,Shape_Area,xmin,ymin,xmax,ymax
COD_Bas-Uele_Buta,Bas-Uele,Buta,COD_Bas-Uele,COD,Aketi,,2025,CIESIN,multiple data sources,Bas-Uele_001,27.071333313394096,12.146525453833730,22.433400680000034,1.938275500000032,27.727933687000075,5.392002600000069
COD_Equateur_Mbandaka,Equateur,Mbandaka,COD_Equateur,COD,Basankusu,,2025,CIESIN GRID3,multiple data sources,Equateur_001,22.868477842568126,8.244960477237854,16.598356035000052,-2.040874182999971,20.781688590000044,2.126394685000037
COD_Haut-Katanga_Likasi,Haut-Katanga,Likasi,COD_Haut-Katanga,COD,Kambove,,2024,CIESIN GRID3,multiple data sources,Haut-Katanga_001,9.525888606292785,1.830499476389100,25.486818900000060,-12.009016868999936,27.532352974000048,-10.488149083999929
COD_Haut-Katanga_Likasi,Haut-Katanga,Likasi,COD_Haut-Katanga,COD,Kambove,,2024,CIESIN GRID3,multiple data sources,Haut-Katanga_001,9.944221064957983,2.081885570845492,26.330720619000033,-10.147250957999972,27.992895576000024,-8.073575940999945
COD_Haut-Katanga_Lubumbashi,Haut-Katanga,Lubumbashi,COD_Haut-Katanga,COD,Kafubu,,2024,CIESIN GRID3,multiple data sources,Haut-Katanga_001,0.006796067179906,0.000002918232052,26.725091149000036,-11.021105660999979,26.727064848000055,-11.019318259999977
COD_Haut-Katanga_Lubumbashi,Haut-Katanga,Lubumbashi,COD_Haut-Katanga,COD,Kafubu,,2024,CIESIN GRID3,multiple data sources,Haut-Katanga_001,0.164820071058931,0.000631276144856,26.664990706000026,-11.038547010999935,26.706620321000059,-11.003082664999965
COD_Haut-Katanga_Lubumbashi,Haut-Katanga,Lubumbashi,COD_Haut-Katanga,COD,Kafubu,,2024,CIESIN GRID3,multiple data sources,Haut-Katanga_001,0.067060091465077,0.000216361203546,26.785679201000050,-11.011429957999951,26.804874010000049,-10.994282587999976
COD_Haut-Katanga_Lubumbashi,Haut-Katanga,Lubumbashi,COD_Haut-Katanga,COD,Kafubu,,2024,CIESIN GRID3,multiple data sources,Haut-Katanga_001,0.004667808123281,0.000001354858020,26.722596412000030,-10.982165250999969,26.723837828000057,-10.980977933999952
COD_Haut-Katanga_Lubumbashi,Haut-Katanga,Lubumbashi,COD_Haut-Katanga,COD,Kafubu,,2024,CIESIN GRID3,multiple data sources,Haut-Katanga_001,0.032006266944093,0.000044494805555,26.672437542000068,-10.988706802999957,26.683544027000039,-10.977837607999959
COD_Haut-Katanga_Lubumbashi,Haut-Katanga,Lubumbashi,COD_Haut-Katanga,COD,Kafubu,,2024,CIESIN GRID3,multiple data sources,Haut-Katanga_001,0.027416868382077,0.000027386373574,26.728158806000067,-10.979732370999955,26.734919388000037,-10.971770760999959
COD_Haut-Katanga_Lubumbashi,Haut-Katanga,Lubumbashi,COD_Haut-Katanga,COD,Kafubu,,2024,CIESIN GRID3,multiple data sources,Haut-Katanga_001,0.001833550999756,0.000000198521520,25.480274096000073,-10.754001747999951,25.480898944000046,-10.753579959999968
COD_Haut-Katanga_Lubumbashi,Haut-Katanga,Lubumbashi,COD_Haut-Katanga,COD,Kafubu,,2024,CIESIN GRID3,multiple data sources,Haut-Katanga_001,0.067714936361286,0.000175786227659,27.226885848000052,-10.767657747999976,27.243534550000049,-10.750465602999952
COD_Haut-Katanga_Lubumbashi,Haut-Katanga,Lubumbashi,COD_Haut-Katanga,COD,Kafubu,,2024,CIESIN GRID3,multiple data sources,Haut-Katanga_001,0.001930110921886,0.000000204232286,25.450186519000056,-10.738349249999942,25.450570315000050,-10.737612871999943
COD_Haut-Katanga_Lubumbashi,Haut-Katanga,Lubumbashi,COD_Haut-Katanga,COD,Kafubu,,2024,CIESIN GRID3,multiple data sources,Haut-Katanga_001,0.001457614061221,0.000000129119241,25.469583797000041,-10.729479358999981,25.470046721000074,-10.729089195999961
COD_Haut-Katanga_Lubumbashi,Haut-Katanga,Lubumbashi,COD_Haut-Katanga,COD,Kafubu,,2024,CIESIN GRID3,multiple data sources,Haut-Katanga_001,0.002456018667021,0.000000368799484,25.486933202000046,-10.726296220999927,25.487804435000044,-10.725491586999965
COD_Haut-Katanga_Lubumbashi,Haut-Katanga,Lubumbashi,COD_Haut-Katanga,COD,Kafubu,,2024,CIESIN GRID3,multiple data sources,Haut-Katanga_001,0.003431247654900,0.000000650663181,25.472437924000076,-10.723520433999965,25.473415174000024,-10.722251520999976
COD_Haut-Katanga_Lubumbashi,Haut-Katanga,Lubumbashi,COD_Haut-Katanga,COD,Kafubu,,2024,CIESIN GRID3,multiple data sources,Haut-Katanga_001,0.001766400635011,0.000000192359812,25.468635511000059,-10.722193355999934,25.469066594000026,-10.721693171999959
COD_Haut-Katanga_Lubumbashi,Haut-Katanga,Lubumbashi,COD_Haut-Katanga,COD,Kafubu,,2024,CIESIN GRID3,multiple data sources,Haut-Katanga_001,0.008818110768047,0.000002393372936,25.484542335000071,-10.723277494999934,25.488065013000039,-10.721690365999962
COD_Haut-Katanga_Lubumbashi,Haut-Katanga,Lubumbashi,COD_Haut-Katanga,COD,Kafubu,,2024,CIESIN GRID3,multiple data sources,Haut-Katanga_001,0.001452230692840,0.000000128551468,25.464099378000071,-10.721152919999952,25.464437172000032,-10.720731784999941
COD_Haut-Katanga_Lubumbashi,Haut-Katanga,Lubumbashi,COD_Haut-Katanga,COD,Kafubu,,2024,CIESIN GRID3,multiple data sources,Haut-Katanga_001,0.003673355223861,0.000000838782591,25.472805275000042,-10.720775609999976,25.473864295000055,-10.719882823999967
COD_Haut-Katanga_Lubumbashi,Haut-Katanga,Lubumbashi,COD_Haut-Katanga,COD,Kafubu,,2024,CIESIN GRID3,multiple data sources,Haut-Katanga_001,0.002959990105701,0.000000546949320,25.500980639000034,-10.717061287999968,25.501895100000070,-10.716157995999936
COD_Haut-Katanga_Lubumbashi,Haut-Katanga,Lubumbashi,COD_Haut-Katanga,COD,Kafubu,,2024,CIESIN GRID3,multiple data sources,Haut-Katanga_001,0.002781989056653,0.000000307671070,25.471241941000073,-10.715983724999944,25.472355844000049,-10.715478312999949
COD_Haut-Katanga_Lubumbashi,Haut-Katanga,Lubumbashi,COD_Haut-Katanga,COD,Kafubu,,2024,CIESIN GRID3,multiple data sources,Haut-Katanga_001,0.003122366955007,0.000000584653336,25.498821721000070,-10.716316506999931,25.499619469000038,-10.715244447999964
COD_Haut-Katanga_Lubumbashi,Haut-Katanga,Lubumbashi,COD_Haut-Katanga,COD,Kafubu,,2024,CIESIN GRID3,multiple data sources,Haut-Katanga_001,0.004262291793689,0.000001015390891,25.484858416000066,-10.711260259999960,25.486389017000079,-10.710179403999973
COD_Haut-Katanga_Lubumbashi,Haut-Katanga,Lubumbashi,COD_Haut-Katanga,COD,Kafubu,,2024,CIESIN GRID3,multiple data sources,Haut-Katanga_001,0.040211099909603,0.000034995644461,25.502389270000037,-10.719443914999943,25.510873396000079,-10.709354886999961
COD_Haut-Katanga_Lubumbashi,Haut-Katanga,Lubumbashi,COD_Haut-Katanga,COD,Kafubu,,2024,CIESIN GRID3,multiple data sources,Haut-Katanga_001,0.017805515218897,0.000017133960396,25.473490539000068,-10.706764339999950,25.479837752000037,-10.702520472999936
COD_Haut-Katanga_Lubumbashi,Haut-Katanga,Lubumbashi,COD_Haut-Katanga,COD,Kafubu,,2024,CIESIN GRID3,multiple data sources,Haut-Katanga_001,0.030132593419800,0.000045015323287,25.464461825000058,-10.691922488999978,25.475578300000052,-10.686264899999969
COD_Haut-Katanga_Lubumbashi,Haut-Katanga,Lubumbashi,COD_Haut-Katanga,COD,Kafubu,,2024,CIESIN GRID3,multiple data sources,Haut-Katanga_001,0.034854533408331,0.000051547216210,25.463685757000064,-10.518755128999942,25.475218319000078,-10.509367554999926
COD_Haut-Katanga_Lubumbashi,Haut-Katanga,Lubumbashi,COD_Haut-Katanga,COD,Kafubu,,2024,CIESIN GRID3,multiple data sources,Haut-Katanga_001,0.036431541450054,0.000061861089107,25.411862618000043,-10.306123184999933,25.422009191000029,-10.296034045999932
COD_Haut-Katanga_Lubumbashi,Haut-Katanga,Lubumbashi,COD_Haut-Katanga,COD,Kafubu,,2024,CIESIN GRID3,multiple data sources,Haut-Katanga_001,26.214777807725820,6.269316946586825,27.011431753000068,-13.455995875999974,29.810976776000075,-7.611719151999978
COD_Haut-Lomami_Kabondo-Dianda,Haut-Lomami,Kabondo Dianda,COD_Haut-Lomami,COD,Bukama,,2025,CIESIN GRID3,multiple data sources,Haut-Lomami_001,11.454360862841433,2.766238070586827,25.494648723000068,-9.727917063999939,27.856542249000029,-7.355172959999948
COD_Haut-Lomami_Kamina,Haut-Lomami,Kamina,COD_Haut-Lomami,COD,Baka,,2025,CIESIN GRID3,multiple data sources,Haut-Lomami_001,18.807998312941624,6.195761628705701,23.634374761000061,-10.123997386999974,26.423240930000077,-6.174958805999950
COD_Haut-Uele_Isiro,Haut-Uele,Isiro,COD_Haut-Uele,COD,Aba,,2025,CIESIN,multiple data sources,Haut-Uele_001,22.386651581906779,6.398157112321333,26.929678148000050,1.535407358000043,30.578780300000062,5.209520600000076
COD_Haut-Uele_Watsa,Haut-Uele,Watsa,COD_Haut-Uele,COD,Makoro,,2025,CIESIN,multiple data sources,Haut-Uele_001,6.934299654939988,0.909856197156114,29.218436400000030,2.055439500000034,30.390089742000043,3.392710500000021
COD_Ituri_Aru,Ituri,Aru,COD_Ituri,COD,Adi,,2024,CIESIN GRID3,multiple data sources,Ituri_001,7.683997789229850,0.929491387511108,30.127428043000066,1.902784699000051,31.277242200000046,3.683436000000029
COD_Ituri_Bunia,Ituri,Bunia,COD_Ituri,COD,Bambu,,2024,CIESIN GRID3,multiple data sources,Ituri_001,0.009321209729856,0.000005210084235,30.365486700000076,1.258493200000032,30.367519900000048,1.262054299000056
COD_Ituri_Bunia,Ituri,Bunia,COD_Ituri,COD,Bambu,,2024,CIESIN GRID3,multiple data sources,Ituri_001,0.027934457663745,0.000013970769582,30.364915400000029,1.268457900000044,30.373666100000037,1.276007800000059
COD_Ituri_Bunia,Ituri,Bunia,COD_Ituri,COD,Bambu,,2024,CIESIN GRID3,multiple data sources,Ituri_001,0.012474656259350,0.000003290631333,30.361994500000037,1.281034300000044,30.365182000000061,1.285916000000043
COD_Ituri_Bunia,Ituri,Bunia,COD_Ituri,COD,Bambu,,2024,CIESIN GRID3,multiple data sources,Ituri_001,0.010904442071160,0.000006841639431,30.355723500000067,1.288896600000044,30.359290800000053,1.292460300000073
COD_Ituri_Bunia,Ituri,Bunia,COD_Ituri,COD,Bambu,,2024,CIESIN GRID3,multiple data sources,Ituri_001,0.012906877231307,0.000010679604200,30.360060600000054,1.291192000000024,30.364572100000032,1.294967500000041
COD_Ituri_Bunia,Ituri,Bunia,COD_Ituri,COD,Bambu,,2024,CIESIN GRID3,multiple data sources,Ituri_001,0.023772456906156,0.000018897934230,30.361254199000030,1.293380100000036,30.371140800000035,1.297689300000059
COD_Ituri_Bunia,Ituri,Bunia,COD_Ituri,COD,Bambu,,2024,CIESIN GRID3,multiple data sources,Ituri_001,0.007063473677298,0.000003480848443,30.371191800000076,1.296160799000063,30.372935200000029,1.298877200000049
COD_Ituri_Bunia,Ituri,Bunia,COD_Ituri,COD,Bambu,,2024,CIESIN GRID3,multiple data sources,Ituri_001,0.010532024791859,0.000004956882783,30.371328600000027,1.301100200000064,30.375689900000054,1.303130100000033
COD_Ituri_Bunia,Ituri,Bunia,COD_Ituri,COD,Bambu,,2024,CIESIN GRID3,multiple data sources,Ituri_001,0.006733856101111,0.000002557309708,30.375582600000030,1.304100800000072,30.378189700000064,1.305934900000068
COD_Ituri_Bunia,Ituri,Bunia,COD_Ituri,COD,Bambu,,2024,CIESIN GRID3,multiple data sources,Ituri_001,0.004435912515778,0.000001024781954,30.378334500000051,1.305433500000049,30.379992100000038,1.306717900000024
COD_Ituri_Bunia,Ituri,Bunia,COD_Ituri,COD,Bambu,,2024,CIESIN GRID3,multiple data sources,Ituri_001,0.002427295936386,0.000000378142128,30.381102600000077,1.306656300000043,30.382062800000028,1.307208700000047
COD_Ituri_Bunia,Ituri,Bunia,COD_Ituri,COD,Bambu,,2024,CIESIN GRID3,multiple data sources,Ituri_001,15.705113899931961,4.222816188584122,27.365754422000066,0.519618301000037,30.962444082000047,2.621354677000056
COD_Kasai-Central_Kananga,Kasaï-Central,Kananga,COD_Kasai-Central,COD,Bena Leka,,2024,CIESIN GRID3,multiple data sources,Kasaï-Central_001,13.202627283139041,3.084399808614535,21.577003639000054,-6.993522136999957,23.799501599000052,-4.201700417999973
COD_Kasai-Central_Luiza,Kasaï-Central,Luiza,COD_Kasai-Central,COD,Kalomba,,2024,CIESIN GRID3,multiple data sources,Kasaï-Central_001,7.824695001815740,1.594548316696226,21.406870749000063,-7.906969556999968,23.267859323000039,-6.524638869999933
COD_Kasai-Oriental_Mbuji-Mayi,Kasaï-Oriental,Mbuji-Mayi,COD_Kasai-Oriental,COD,Bibanga,,2024,CIESIN GRID3,multiple data sources,Kasaï-Oriental_001,6.111228084256039,0.798395473996313,22.944409491000044,-6.773609818999944,24.061846653000032,-5.667474116999927
COD_Kasai_Mweka,Kasaï,Mweka,COD_Kasai,COD,Bulape,,2024,CIESIN GRID3,multiple data sources,Kasaï_001,14.599940862909264,5.392967734399712,20.027960300000075,-6.160502144999953,22.536724800000059,-2.309695465999937
COD_Kasai_Tshikapa,Kasaï,Tshikapa,COD_Kasai,COD,Banga Lubaka,,2024,CIESIN GRID3,multiple data sources,Kasaï_001,9.717652558020657,2.564232959318087,19.676605721000044,-7.293385230999945,21.796091800000056,-5.181433657999946
COD_Kinshasa_Kinshasa-Centre,Kinshasa,Kinshasa-Centre,COD_Kinshasa,COD,Bumbu,,2024,CIESIN GRID3,multiple data sources,Kinshasa_001,0.531251808256043,0.006710137767522,15.282746100000054,-4.440732999999966,15.369563560000074,-4.321748240999966
COD_Kinshasa_Kinshasa-Est,Kinshasa,Kinshasa-Est,COD_Kinshasa,COD,Biyela,,2024,CIESIN GRID3,multiple data sources,Kinshasa_001,0.005006225478137,0.000001335060581,15.443755115000044,-4.348595683999974,15.445325559000025,-4.346870573999979
COD_Kinshasa_Kinshasa-Est,Kinshasa,Kinshasa-Est,COD_Kinshasa,COD,Biyela,,2024,CIESIN GRID3,multiple data sources,Kinshasa_001,0.004776173322182,0.000001205155857,15.445872836000035,-4.343812967999952,15.446848415000034,-4.341784476999976
COD_Kinshasa_Kinshasa-Est,Kinshasa,Kinshasa-Est,COD_Kinshasa,COD,Biyela,,2024,CIESIN GRID3,multiple data sources,Kinshasa_001,0.004244919790029,0.000001107029639,15.446743717000061,-4.340653042999975,15.448052421000057,-4.339153982999960
COD_Kinshasa_Kinshasa-Est,Kinshasa,Kinshasa-Est,COD_Kinshasa,COD,Biyela,,2024,CIESIN GRID3,multiple data sources,Kinshasa_001,0.015092742211615,0.000004394666571,15.499666417000071,-4.320810759999972,15.505329048000021,-4.316245389999949
COD_Kinshasa_Kinshasa-Est,Kinshasa,Kinshasa-Est,COD_Kinshasa,COD,Biyela,,2024,CIESIN GRID3,multiple data sources,Kinshasa_001,0.005333761377057,0.000001211407848,15.506390490000058,-4.315711503999978,15.508337307000033,-4.314051749999976
COD_Kinshasa_Kinshasa-Est,Kinshasa,Kinshasa-Est,COD_Kinshasa,COD,Biyela,,2024,CIESIN GRID3,multiple data sources,Kinshasa_001,0.007396532832972,0.000002938458877,15.511283085000059,-4.307532823999964,15.512521824000032,-4.304451539999945
COD_Kinshasa_Kinshasa-Est,Kinshasa,Kinshasa-Est,COD_Kinshasa,COD,Biyela,,2024,CIESIN GRID3,multiple data sources,Kinshasa_001,0.012099099766775,0.000004296672113,15.509275624000054,-4.305519675999960,15.512814675000072,-4.301133925999977
COD_Kinshasa_Kinshasa-Est,Kinshasa,Kinshasa-Est,COD_Kinshasa,COD,Biyela,,2024,CIESIN GRID3,multiple data sources,Kinshasa_001,0.008308439346666,0.000003366702599,15.518360675000054,-4.302492324999946,15.520071863000055,-4.299055383999928
COD_Kinshasa_Kinshasa-Est,Kinshasa,Kinshasa-Est,COD_Kinshasa,COD,Biyela,,2024,CIESIN GRID3,multiple data sources,Kinshasa_001,0.005232584077892,0.000001136212215,15.523021928000048,-4.299823259999926,15.524260033000076,-4.297690034999960
COD_Kinshasa_Kinshasa-Est,Kinshasa,Kinshasa-Est,COD_Kinshasa,COD,Biyela,,2024,CIESIN GRID3,multiple data sources,Kinshasa_001,0.004367891300002,0.000000870511326,15.523551068000074,-4.297097779999945,15.524789572000032,-4.295438528999966
COD_Kinshasa_Kinshasa-Est,Kinshasa,Kinshasa-Est,COD_Kinshasa,COD,Biyela,,2024,CIESIN GRID3,multiple data sources,Kinshasa_001,0.005824602281534,0.000001632648488,15.518180872000073,-4.297811993999971,15.519243428000038,-4.295323844999928
COD_Kinshasa_Kinshasa-Est,Kinshasa,Kinshasa-Est,COD_Kinshasa,COD,Biyela,,2024,CIESIN GRID3,multiple data sources,Kinshasa_001,0.022718826438107,0.000012917822816,15.520541799000057,-4.299646791999976,15.522961702000032,-4.289397583999971
COD_Kinshasa_Kinshasa-Est,Kinshasa,Kinshasa-Est,COD_Kinshasa,COD,Biyela,,2024,CIESIN GRID3,multiple data sources,Kinshasa_001,0.029028400775074,0.000034180371554,15.522723432000078,-4.295913394999957,15.528146963000040,-4.283173564999970
COD_Kinshasa_Kinshasa-Est,Kinshasa,Kinshasa-Est,COD_Kinshasa,COD,Biyela,,2024,CIESIN GRID3,multiple data sources,Kinshasa_001,0.141453644316718,0.000411105021336,15.440964643000029,-4.270820710999942,15.475264572000071,-4.228597174999948
COD_Kinshasa_Kinshasa-Est,Kinshasa,Kinshasa-Est,COD_Kinshasa,COD,Biyela,,2024,CIESIN GRID3,multiple data sources,Kinshasa_001,0.108330313974169,0.000222913796770,15.498808384000029,-4.238851313999930,15.507190035000065,-4.197655038999926
COD_Kinshasa_Kinshasa-Est,Kinshasa,Kinshasa-Est,COD_Kinshasa,COD,Biyela,,2024,CIESIN GRID3,multiple data sources,Kinshasa_001,5.318688125751908,0.752959829785913,15.349077037000029,-5.050898033999943,16.538299529000028,-3.927611199999944
COD_Kinshasa_Kinshasa-Ouest,Kinshasa,Kinshasa-Ouest,COD_Kinshasa,COD,Bandalungwa,,2024,CIESIN GRID3,multiple data sources,Kinshasa_001,0.024491124192040,0.000022649105512,15.427635967000072,-4.406868930999963,15.435496128000068,-4.400272836999932
COD_Kinshasa_Kinshasa-Ouest,Kinshasa,Kinshasa-Ouest,COD_Kinshasa,COD,Bandalungwa,,2024,CIESIN GRID3,multiple data sources,Kinshasa_001,0.025385799144466,0.000023319447792,15.334481031000053,-4.392271819999962,15.340808600000059,-4.382306438999933
COD_Kinshasa_Kinshasa-Ouest,Kinshasa,Kinshasa-Ouest,COD_Kinshasa,COD,Bandalungwa,,2024,CIESIN GRID3,multiple data sources,Kinshasa_001,0.028458492336486,0.000043705243893,15.487513644000046,-4.378966603999970,15.495577261000051,-4.368129805999956
COD_Kinshasa_Kinshasa-Ouest,Kinshasa,Kinshasa-Ouest,COD_Kinshasa,COD,Bandalungwa,,2024,CIESIN GRID3,multiple data sources,Kinshasa_001,0.027246876419327,0.000042208497826,15.306431642000064,-4.349397499999952,15.313756166000076,-4.339542784999935
COD_Kinshasa_Kinshasa-Ouest,Kinshasa,Kinshasa-Ouest,COD_Kinshasa,COD,Bandalungwa,,2024,CIESIN GRID3,multiple data sources,Kinshasa_001,1.306950276892731,0.046581312855844,15.161556645000076,-4.648681691999968,15.408145058000059,-4.295412411999962
COD_Kinshasa_Kinshasa-Ouest,Kinshasa,Kinshasa-Ouest,COD_Kinshasa,COD,Bandalungwa,,2024,CIESIN GRID3,multiple data sources,Kinshasa_001,0.028820889792763,0.000037291787592,15.553510250000045,-4.061606534999953,15.561579668000036,-4.053613304999942
COD_Kongo-Central_Boma,Kongo-Central,Boma,COD_Kongo-Central,COD,Boma,,2025,CIESIN GRID3,multiple data sources,Kongo-Central_001,6.195004395423380,0.892618916579246,12.200874964000036,-6.074536320999925,13.382964401000038,-4.583154623999974
COD_Kongo-Central_Matadi,Kongo-Central,Matadi,COD_Kongo-Central,COD,Inga,,2025,CIESIN GRID3,multiple data sources,Kongo-Central_001,8.049514434524122,1.259642890954293,13.098778663000076,-5.909038093999925,14.480721827000025,-4.278261927999949
COD_Kongo-Central_Mbanza-Ngungu,Kongo-Central,Mbanza Ngungu,COD_Kongo-Central,COD,Boko Kivulu,,2025,CIESIN GRID3,multiple data sources,Kongo-Central_001,8.368108146577901,2.281631968234840,13.962183621000065,-5.904595749999942,16.256582211000023,-4.407802704999938
COD_Kwango_Kahemba,Kwango,Kahemba,COD_Kwango,COD,Kahemba,,2025,CIESIN,multiple data sources,Kwango_001,14.490645850021824,3.391081533944385,17.100805000000037,-8.130430999999930,19.975226881000026,-6.025196899999969
COD_Kwango_Kenge,Kwango,Kenge,COD_Kwango,COD,Boko,,2025,CIESIN,multiple data sources,Kwango_001,16.314067992701606,3.953859518675381,16.113787090000073,-7.349384998999938,18.700880452000035,-4.218108420999954
COD_Kwilu_Bandundu,Kwilu,Bandundu,COD_Kwilu,COD,Bagata,,2024,CIESIN GRID3,multiple data sources,Kwilu_001,9.674246868528071,1.865344360911988,16.479207698000039,-4.790796814999965,19.117744717000051,-3.223748249999971
COD_Kwilu_Kikwit,Kwilu,Kikwit,COD_Kwilu,COD,Bulungu,,2024,CIESIN GRID3,multiple data sources,Kwilu_001,14.286446397474197,4.586603522874482,17.456484549000038,-6.358800161999966,20.205134500000042,-3.678033693999964
COD_Lomami_Kabinda,Lomami,Kabinda,COD_Lomami,COD,Kabinda,,2024,CIESIN GRID3,multiple data sources,Lomami_001,14.349142619950406,3.393921319450568,23.730081276000078,-7.051567900999942,26.280756863000079,-4.865162267999949
COD_Lomami_Mweneditu,Lomami,Mweneditu,COD_Lomami,COD,Kalenda,,2024,CIESIN GRID3,multiple data sources,Lomami_001,7.077421855183583,1.033087792872933,23.009694163000063,-8.091397434999976,24.160125392000054,-6.528996799999959
COD_Lualaba_Kisenge,Lualaba,Kisenge,COD_Lualaba,COD,Dilolo,,2025,CIESIN GRID3,multiple data sources,Lualaba_001,15.600230504894506,6.500274646659996,21.751580768000053,-11.264873706999936,24.414678717000072,-7.657786888999965
COD_Lualaba_Kolwezi,Lualaba,Kolwezi,COD_Lualaba,COD,Bunkeya,,2025,CIESIN GRID3,multiple data sources,Lualaba_001,15.356362168053677,3.463317963976845,24.105119890000026,-11.742848940999977,27.146796701000028,-9.482352933999948
COD_Mai-Ndombe_Inongo,Mai-Ndombe,Inongo,COD_Mai-Ndombe,COD,Banzow Moke,,2025,CIESIN GRID3,multiple data sources,Mai-Ndombe_001,20.901398509611642,6.668353438408441,16.297990476000052,-4.384773199999927,21.004836469000054,-0.711862877999977
COD_Mai-Ndombe_Nioki,Mai-Ndombe,Nioki,COD_Mai-Ndombe,COD,Bokoro,,2025,CIESIN GRID3,multiple data sources,Mai-Ndombe_001,13.021286401339104,3.975840132706645,15.894722100000024,-4.244745138999974,19.220165335000047,-1.993500701999949
COD_Maniema_Kasongo,Maniema,Kasongo,COD_Maniema,COD,Kabambare,,2024,CIESIN GRID3,multiple data sources,Maniema_001,15.716100948559593,5.226564705122430,24.730403243000069,-5.151291715999946,28.803528067000059,-3.039437550999935
COD_Maniema_Kindu,Maniema,Kindu,COD_Maniema,COD,Alunguli,,2024,CIESIN GRID3,multiple data sources,Maniema_001,10.886771311662178,2.514076044556242,24.598164918000066,-3.442932178999968,27.142026901000065,-1.738276722999956
COD_Maniema_Lubutu,Maniema,Lubutu,COD_Maniema,COD,Ferekeni,,2024,CIESIN GRID3,multiple data sources,Maniema_001,12.947805357607631,2.809656436220010,25.793858463000049,-2.287191083999971,27.859394685000041,0.055910511000036
COD_Mongala_Bumba,Mongala,Bumba,COD_Mongala,COD,Bumba,,2024,CIESIN GRID3,multiple data sources,Mongala_001,8.126886817875807,1.421082704681048,21.516236520000064,1.986487325000041,23.578601383000034,3.334600388000069
COD_Mongala_Lisala,Mongala,Lisala,COD_Mongala,COD,Binga,,2024,CIESIN GRID3,multiple data sources,Mongala_001,14.689474315882972,3.305906009045029,19.208602618000043,0.725572309000029,22.578625098000032,3.249545500000067
COD_Nord-Kivu_Butembo,Nord-Kivu,Butembo,COD_Nord-Kivu,COD,Alimbongo,,2025,CIESIN,multiple data sources,Nord-Kivu_001,9.693178763515295,1.909713648564528,27.790753800000061,-0.633903399999951,29.987207485000056,0.954199100000039
COD_Nord-Kivu_Goma,Nord-Kivu,Goma,COD_Nord-Kivu,COD,Bambo,,2025,CIESIN,multiple data sources,Nord-Kivu_001,11.593634428603721,2.724165317382446,27.228207411000028,-2.142043687999944,29.687749350000047,-0.184638299999961
COD_Nord-Ubangi_Gbadolite,Nord-Ubangi,Gbadolite,COD_Nord-Ubangi,COD,Abuzi,,2025,CIESIN GRID3,multiple data sources,Nord-Ubangi_001,16.328969228952200,4.449052401730835,19.015954183000076,2.853285922000055,23.515638662000072,5.156251841000028
COD_Sankuru_Lodja,Sankuru,Lodja,COD_Sankuru,COD,Bena Dibele,,2024,CIESIN GRID3,multiple data sources,Sankuru_001,17.328451281597310,6.638380737929076,21.837573842000040,-5.350841798999966,25.115541768000071,-1.697484610999936
COD_Sankuru_Tshumbe,Sankuru,Tshumbe,COD_Sankuru,COD,Dikungu,,2024,CIESIN GRID3,multiple data sources,Sankuru_001,10.981570333068783,2.093518964305886,23.502977648000069,-5.858132854999951,25.016975171000070,-3.484417071999928
COD_Sud-Kivu_Bukavu,Sud-Kivu,Bukavu,COD_Sud-Kivu,COD,Bagira,,2025,CIESIN GRID3,multiple data sources,Sud-Kivu_001,12.932251672671217,3.409887846642192,26.815415732000076,-4.021928786999979,29.242415236000056,-1.582627493999951
COD_Sud-Kivu_Uvira,Sud-Kivu,Uvira,COD_Sud-Kivu,COD,Fizi,,2025,CIESIN GRID3,multiple data sources,Sud-Kivu_001,9.928470895582404,1.516229434027778,27.821060319000026,-5.055271455999957,29.264756499000043,-2.737844812999981
COD_Sud-Ubangi_Gemena,Sud-Ubangi,Gemena,COD_Sud-Ubangi,COD,Bangabola,,2025,CIESIN GRID3,multiple data sources,Sud-Ubangi_001,13.657343445982413,4.231411394585606,18.076036600000066,1.918481570000040,20.906433299000071,4.774840884000071
COD_Tanganyika_Kabalo,Tanganyika,Kabalo,COD_Tanganyika,COD,Ankoro,,2025,GRID3,multiple data sources,Tanganyika_001,18.228144010191738,5.042115690344382,25.957151778000025,-8.390529584999967,28.750549088000071,-4.957216508999977
COD_Tanganyika_Kalemie,Tanganyika,Kalemie,COD_Tanganyika,COD,Kalemie,,2025,GRID3,multiple data sources,Tanganyika_001,0.032312816128668,0.000076779926101,29.401497739000035,-5.721815791999973,29.411928837000062,-5.711857578999968
COD_Tanganyika_Kalemie,Tanganyika,Kalemie,COD_Tanganyika,COD,Kalemie,,2025,GRID3,multiple data sources,Tanganyika_001,0.016816435557757,0.000020285916582,29.387565045000031,-5.693363636999948,29.393962875000057,-5.689056642999958
COD_Tanganyika_Kalemie,Tanganyika,Kalemie,COD_Tanganyika,COD,Kalemie,,2025,GRID3,multiple data sources,Tanganyika_001,0.010781708698457,0.000008800660383,29.353041170000040,-5.548415949999935,29.356473747000052,-5.545084523999947
COD_Tanganyika_Kalemie,Tanganyika,Kalemie,COD_Tanganyika,COD,Kalemie,,2025,GRID3,multiple data sources,Tanganyika_001,17.651525069286517,4.864256217126573,26.995143183000039,-8.450702933999935,30.593656965000037,-4.963174693999974
COD_Tshopo_Kisangani,Tshopo,Kisangani,COD_Tshopo,COD,Bafwagbogbo,,2024,CIESIN GRID3,multiple data sources,Tshopo_001,24.780883117317540,11.917813553733401,23.398609823000072,-2.104603197999950,28.182299546000024,2.364297437000062
COD_Tshopo_Lokutu,Tshopo,Lokutu,COD_Tshopo,COD,Basali,,2024,CIESIN GRID3,multiple data sources,Tshopo_001,14.195952900390820,3.984464534589869,22.260713619000057,-0.427772520999952,25.169884644000035,2.284626593000041
COD_Tshuapa_Boende,Tshuapa,Boende,COD_Tshuapa,COD,Befale,,2025,CIESIN GRID3,multiple data sources,Tshuapa_001,26.754539807334009,7.253691656874296,19.460045979000029,-2.537364377999950,23.356207977000054,1.778895054000031
COD_Tshuapa_Bokungu,Tshuapa,Bokungu,COD_Tshuapa,COD,Bokungu,,2025,CIESIN GRID3,multiple data sources,Tshuapa_001,13.302744137211807,3.726093618600133,21.387728542000048,-2.101568282999949,24.446274109000058,0.166678563000062
