pagename_province,province,iso3,antenne,zonesante,grid3id,date,edit_par,source_acronym,sourceid,Shape_Length,Shape_Area,xmin,ymin,xmax,ymax
COD_Bas-Uele,Bas-Uele,COD,Buta,Aketi,,2025,CIESIN,multiple data sources,Bas-Uele_001,27.071333313394096,12.146525453833730,22.433400680000034,1.938275500000032,27.727933687000075,5.392002600000069
COD_Equateur,Equateur,COD,Mbandaka,Basankusu,,2025,CIESIN GRID3,multiple data sources,Equateur_001,22.868477842568126,8.244960477237854,16.598356035000052,-2.040874182999971,20.781688590000044,2.126394685000037
COD_Haut-Katanga,Haut-Katanga,COD,Likasi,Kambove,,2024,CIESIN GRID3,multiple data sources,Haut-Katanga_001,0.001833550999756,0.000000198521520,25.480274096000073,-10.754001747999951,25.480898944000046,-10.753579959999968
COD_Haut-Katanga,Haut-Katanga,COD,Likasi,Kambove,,2024,CIESIN GRID3,multiple data sources,Haut-Katanga_001,0.001930110921886,0.000000204232286,25.450186519000056,-10.738349249999942,25.450570315000050,-10.737612871999943
COD_Haut-Katanga,Haut-Katanga,COD,Likasi,Kambove,,2024,CIESIN GRID3,multiple data sources,Haut-Katanga_001,0.001457614061221,0.000000129119241,25.469583797000041,-10.729479358999981,25.470046721000074,-10.729089195999961
COD_Haut-Katanga,Haut-Katanga,COD,Likasi,Kambove,,2024,CIESIN GRID3,multiple data sources,Haut-Katanga_001,0.002456018667021,0.000000368799484,25.486933202000046,-10.726296220999927,25.487804435000044,-10.725491586999965
COD_Haut-Katanga,Haut-Katanga,COD,Likasi,Kambove,,2024,CIESIN GRID3,multiple data sources,Haut-Katanga_001,0.003431247654900,0.000000650663181,25.472437924000076,-10.723520433999965,25.473415174000024,-10.722251520999976
COD_Haut-Katanga,Haut-Katanga,COD,Likasi,Kambove,,2024,CIESIN GRID3,multiple data sources,Haut-Katanga_001,0.001766400635011,0.000000192359812,25.468635511000059,-10.722193355999934,25.469066594000026,-10.721693171999959
COD_Haut-Katanga,Haut-Katanga,COD,Likasi,Kambove,,2024,CIESIN GRID3,multiple data sources,Haut-Katanga_001,0.008818110768047,0.000002393372936,25.484542335000071,-10.723277494999934,25.488065013000039,-10.721690365999962
COD_Haut-Katanga,Haut-Katanga,COD,Likasi,Kambove,,2024,CIESIN GRID3,multiple data sources,Haut-Katanga_001,0.001452230692840,0.000000128551468,25.464099378000071,-10.721152919999952,25.464437172000032,-10.720731784999941
COD_Haut-Katanga,Haut-Katanga,COD,Likasi,Kambove,,2024,CIESIN GRID3,multiple data sources,Haut-Katanga_001,0.003673355223861,0.000000838782591,25.472805275000042,-10.720775609999976,25.473864295000055,-10.719882823999967
COD_Haut-Katanga,Haut-Katanga,COD,Likasi,Kambove,,2024,CIESIN GRID3,multiple data sources,Haut-Katanga_001,0.002959990105701,0.000000546949320,25.500980639000034,-10.717061287999968,25.501895100000070,-10.716157995999936
COD_Haut-Katanga,Haut-Katanga,COD,Likasi,Kambove,,2024,CIESIN GRID3,multiple data sources,Haut-Katanga_001,0.002781989056653,0.000000307671070,25.471241941000073,-10.715983724999944,25.472355844000049,-10.715478312999949
COD_Haut-Katanga,Haut-Katanga,COD,Likasi,Kambove,,2024,CIESIN GRID3,multiple data sources,Haut-Katanga_001,0.003122366955007,0.000000584653336,25.498821721000070,-10.716316506999931,25.499619469000038,-10.715244447999964
COD_Haut-Katanga,Haut-Katanga,COD,Likasi,Kambove,,2024,CIESIN GRID3,multiple data sources,Haut-Katanga_001,0.004262291793689,0.000001015390891,25.484858416000066,-10.711260259999960,25.486389017000079,-10.710179403999973
COD_Haut-Katanga,Haut-Katanga,COD,Likasi,Kambove,,2024,CIESIN GRID3,multiple data sources,Haut-Katanga_001,0.040211099909603,0.000034995644461,25.502389270000037,-10.719443914999943,25.510873396000079,-10.709354886999961
COD_Haut-Katanga,Haut-Katanga,COD,Likasi,Kambove,,2024,CIESIN GRID3,multiple data sources,Haut-Katanga_001,0.017805515218897,0.000017133960396,25.473490539000068,-10.706764339999950,25.479837752000037,-10.702520472999936
COD_Haut-Katanga,Haut-Katanga,COD,Likasi,Kambove,,2024,CIESIN GRID3,multiple data sources,Haut-Katanga_001,0.030132593419800,0.000045015323287,25.464461825000058,-10.691922488999978,25.475578300000052,-10.686264899999969
COD_Haut-Katanga,Haut-Katanga,COD,Likasi,Kambove,,2024,CIESIN GRID3,multiple data sources,Haut-Katanga_001,0.034854533408331,0.000051547216210,25.463685757000064,-10.518755128999942,25.475218319000078,-10.509367554999926
COD_Haut-Katanga,Haut-Katanga,COD,Likasi,Kambove,,2024,CIESIN GRID3,multiple data sources,Haut-Katanga_001,0.036431541450054,0.000061861089107,25.411862618000043,-10.306123184999933,25.422009191000029,-10.296034045999932
COD_Haut-Katanga,Haut-Katanga,COD,Likasi,Kambove,,2024,CIESIN GRID3,multiple data sources,Haut-Katanga_001,31.764964847054713,10.182801571666678,25.486818900000060,-13.455995875999974,29.810976776000075,-7.611719151999978
COD_Haut-Lomami,Haut-Lomami,COD,Kabondo Dianda,Bukama,,2025,CIESIN GRID3,multiple data sources,Haut-Lomami_001,21.984995278038806,8.961999699292528,23.634374761000061,-10.123997386999974,27.856542249000029,-6.174958805999950
COD_Haut-Uele,Haut-Uele,COD,Isiro,Aba,,2025,CIESIN,multiple data sources,Haut-Uele_001,23.125507958088374,7.308013309477446,26.929678148000050,1.535407358000043,30.578780300000062,5.209520600000076
COD_Ituri,Ituri,COD,Aru,Adi,,2024,CIESIN GRID3,multiple data sources,Ituri_001,0.009321209729856,0.000005210084235,30.365486700000076,1.258493200000032,30.367519900000048,1.262054299000056
COD_Ituri,Ituri,COD,Aru,Adi,,2024,CIESIN GRID3,multiple data sources,Ituri_001,0.027934457663745,0.000013970769582,30.364915400000029,1.268457900000044,30.373666100000037,1.276007800000059
COD_Ituri,Ituri,COD,Aru,Adi,,2024,CIESIN GRID3,multiple data sources,Ituri_001,0.012474656259350,0.000003290631333,30.361994500000037,1.281034300000044,30.365182000000061,1.285916000000043
COD_Ituri,Ituri,COD,Aru,Adi,,2024,CIESIN GRID3,multiple data sources,Ituri_001,0.010904442071160,0.000006841639431,30.355723500000067,1.288896600000044,30.359290800000053,1.292460300000073
COD_Ituri,Ituri,COD,Aru,Adi,,2024,CIESIN GRID3,multiple data sources,Ituri_001,0.012906877231307,0.000010679604200,30.360060600000054,1.291192000000024,30.364572100000032,1.294967500000041
COD_Ituri,Ituri,COD,Aru,Adi,,2024,CIESIN GRID3,multiple data sources,Ituri_001,0.023772456906156,0.000018897934230,30.361254199000030,1.293380100000036,30.371140800000035,1.297689300000059
COD_Ituri,Ituri,COD,Aru,Adi,,2024,CIESIN GRID3,multiple data sources,Ituri_001,0.007063473677298,0.000003480848443,30.371191800000076,1.296160799000063,30.372935200000029,1.298877200000049
COD_Ituri,Ituri,COD,Aru,Adi,,2024,CIESIN GRID3,multiple data sources,Ituri_001,0.010532024791859,0.000004956882783,30.371328600000027,1.301100200000064,30.375689900000054,1.303130100000033
COD_Ituri,Ituri,COD,Aru,Adi,,2024,CIESIN GRID3,multiple data sources,Ituri_001,0.006733856101111,0.000002557309708,30.375582600000030,1.304100800000072,30.378189700000064,1.305934900000068
COD_Ituri,Ituri,COD,Aru,Adi,,2024,CIESIN GRID3,multiple data sources,Ituri_001,0.004435912515778,0.000001024781954,30.378334500000051,1.305433500000049,30.379992100000038,1.306717900000024
COD_Ituri,Ituri,COD,Aru,Adi,,2024,CIESIN GRID3,multiple data sources,Ituri_001,0.002427295936386,0.000000378142128,30.381102600000077,1.306656300000043,30.382062800000028,1.307208700000047
COD_Ituri,Ituri,COD,Aru,Adi,,2024,CIESIN GRID3,multiple data sources,Ituri_001,19.888544010888278,5.152307576095230,27.365754422000066,0.519618301000037,31.277242200000046,3.683436000000029
COD_Kasai,Kasaï,COD,Mweka,Bulape,,2024,CIESIN GRID3,multiple data sources,Kasaï_001,18.976799843482514,7.957200693717798,19.676605721000044,-7.293385230999945,22.536724800000059,-2.309695465999937
COD_Kasai-Central,Kasaï-Central,COD,Kananga,Bena Leka,,2024,CIESIN GRID3,multiple data sources,Kasaï-Central_001,15.413782935235293,4.678948125310761,21.406870749000063,-7.906969556999968,23.799501599000052,-4.201700417999973
COD_Kasai-Oriental,Kasaï-Oriental,COD,Mbuji-Mayi,Bibanga,,2024,CIESIN GRID3,multiple data sources,Kasaï-Oriental_001,6.111228084256039,0.798395473996313,22.944409491000044,-6.773609818999944,24.061846653000032,-5.667474116999927
COD_Kinshasa,Kinshasa,COD,Kinshasa-Centre,Bumbu,,2024,CIESIN GRID3,multiple data sources,Kinshasa_001,0.005006225478137,0.000001335060581,15.443755115000044,-4.348595683999974,15.445325559000025,-4.346870573999979
COD_Kinshasa,Kinshasa,COD,Kinshasa-Centre,Bumbu,,2024,CIESIN GRID3,multiple data sources,Kinshasa_001,0.004776173322182,0.000001205155857,15.445872836000035,-4.343812967999952,15.446848415000034,-4.341784476999976
COD_Kinshasa,Kinshasa,COD,Kinshasa-Centre,Bumbu,,2024,CIESIN GRID3,multiple data sources,Kinshasa_001,0.004244919790029,0.000001107029639,15.446743717000061,-4.340653042999975,15.448052421000057,-4.339153982999960
COD_Kinshasa,Kinshasa,COD,Kinshasa-Centre,Bumbu,,2024,CIESIN GRID3,multiple data sources,Kinshasa_001,0.015092742211615,0.000004394666571,15.499666417000071,-4.320810759999972,15.505329048000021,-4.316245389999949
COD_Kinshasa,Kinshasa,COD,Kinshasa-Centre,Bumbu,,2024,CIESIN GRID3,multiple data sources,Kinshasa_001,0.005333761377057,0.000001211407848,15.506390490000058,-4.315711503999978,15.508337307000033,-4.314051749999976
COD_Kinshasa,Kinshasa,COD,Kinshasa-Centre,Bumbu,,2024,CIESIN GRID3,multiple data sources,Kinshasa_001,0.007396532832972,0.000002938458877,15.511283085000059,-4.307532823999964,15.512521824000032,-4.304451539999945
COD_Kinshasa,Kinshasa,COD,Kinshasa-Centre,Bumbu,,2024,CIESIN GRID3,multiple data sources,Kinshasa_001,0.012099099766775,0.000004296672113,15.509275624000054,-4.305519675999960,15.512814675000072,-4.301133925999977
COD_Kinshasa,Kinshasa,COD,Kinshasa-Centre,Bumbu,,2024,CIESIN GRID3,multiple data sources,Kinshasa_001,0.008308439346666,0.000003366702599,15.518360675000054,-4.302492324999946,15.520071863000055,-4.299055383999928
COD_Kinshasa,Kinshasa,COD,Kinshasa-Centre,Bumbu,,2024,CIESIN GRID3,multiple data sources,Kinshasa_001,0.005232584077892,0.000001136212215,15.523021928000048,-4.299823259999926,15.524260033000076,-4.297690034999960
COD_Kinshasa,Kinshasa,COD,Kinshasa-Centre,Bumbu,,2024,CIESIN GRID3,multiple data sources,Kinshasa_001,0.004367891300002,0.000000870511326,15.523551068000074,-4.297097779999945,15.524789572000032,-4.295438528999966
COD_Kinshasa,Kinshasa,COD,Kinshasa-Centre,Bumbu,,2024,CIESIN GRID3,multiple data sources,Kinshasa_001,0.005824602281534,0.000001632648488,15.518180872000073,-4.297811993999971,15.519243428000038,-4.295323844999928
COD_Kinshasa,Kinshasa,COD,Kinshasa-Centre,Bumbu,,2024,CIESIN GRID3,multiple data sources,Kinshasa_001,0.022718826438107,0.000012917822816,15.520541799000057,-4.299646791999976,15.522961702000032,-4.289397583999971
COD_Kinshasa,Kinshasa,COD,Kinshasa-Centre,Bumbu,,2024,CIESIN GRID3,multiple data sources,Kinshasa_001,0.029028400775074,0.000034180371554,15.522723432000078,-4.295913394999957,15.528146963000040,-4.283173564999970
COD_Kinshasa,Kinshasa,COD,Kinshasa-Centre,Bumbu,,2024,CIESIN GRID3,multiple data sources,Kinshasa_001,0.141453644316718,0.000411105021336,15.440964643000029,-4.270820710999942,15.475264572000071,-4.228597174999948
COD_Kinshasa,Kinshasa,COD,Kinshasa-Centre,Bumbu,,2024,CIESIN GRID3,multiple data sources,Kinshasa_001,0.108330313974169,0.000222913796770,15.498808384000029,-4.238851313999930,15.507190035000065,-4.197655038999926
COD_Kinshasa,Kinshasa,COD,Kinshasa-Centre,Bumbu,,2024,CIESIN GRID3,multiple data sources,Kinshasa_001,5.858218645876494,0.806420454491894,15.161556645000076,-5.050898033999943,16.538299529000028,-3.927611199999944
COD_Kongo-Central,Kongo-Central,COD,Boma,Boma,,2025,CIESIN GRID3,multiple data sources,Kongo-Central_001,14.763547504551264,4.433893775768380,12.200874964000036,-6.074536320999925,16.256582211000023,-4.278261927999949
COD_Kwango,Kwango,COD,Kahemba,Kahemba,,2025,CIESIN,multiple data sources,Kwango_001,21.168264143879984,7.344941052619766,16.113787090000073,-8.130430999999930,19.975226881000026,-4.218108420999954
COD_Kwilu,Kwilu,COD,Bandundu,Bagata,,2024,CIESIN GRID3,multiple data sources,Kwilu_001,16.617006166635480,6.451947883786470,16.479207698000039,-6.358800161999966,20.205134500000042,-3.223748249999971
COD_Lomami,Lomami,COD,Kabinda,Kabinda,,2024,CIESIN GRID3,multiple data sources,Lomami_001,20.115800879709841,4.427009112323501,23.009694163000063,-8.091397434999976,26.280756863000079,-4.865162267999949
COD_Lualaba,Lualaba,COD,Kisenge,Dilolo,,2025,CIESIN GRID3,multiple data sources,Lualaba_001,27.807503790393110,9.963592610636843,21.751580768000053,-11.742848940999977,27.146796701000028,-7.657786888999965
COD_Mai-Ndombe,Mai-Ndombe,COD,Inongo,Banzow Moke,,2025,CIESIN GRID3,multiple data sources,Mai-Ndombe_001,21.183224980631852,10.644193571115085,15.894722100000024,-4.384773199999927,21.004836469000054,-0.711862877999977
COD_Maniema,Maniema,COD,Kasongo,Kabambare,,2024,CIESIN GRID3,multiple data sources,Maniema_001,29.082692164395358,10.550297185898682,24.598164918000066,-5.151291715999946,28.803528067000059,0.055910511000036
COD_Mongala,Mongala,COD,Bumba,Bumba,,2024,CIESIN GRID3,multiple data sources,Mongala_001,19.008570377217424,4.726988713726077,19.208602618000043,0.725572309000029,23.578601383000034,3.334600388000069
COD_Nord-Kivu,Nord-Kivu,COD,Butembo,Alimbongo,,2025,CIESIN,multiple data sources,Nord-Kivu_001,16.254967371848156,4.633878965946975,27.228207411000028,-2.142043687999944,29.987207485000056,0.954199100000039
COD_Nord-Ubangi,Nord-Ubangi,COD,Gbadolite,Abuzi,,2025,CIESIN GRID3,multiple data sources,Nord-Ubangi_001,16.328969228952200,4.449052401730835,19.015954183000076,2.853285922000055,23.515638662000072,5.156251841000028
COD_Sankuru,Sankuru,COD,Lodja,Bena Dibele,,2024,CIESIN GRID3,multiple data sources,Sankuru_001,18.824319660812293,8.731899702234962,21.837573842000040,-5.858132854999951,25.115541768000071,-1.697484610999936
COD_Sud-Kivu,Sud-Kivu,COD,Bukavu,Bagira,,2025,CIESIN GRID3,multiple data sources,Sud-Kivu_001,15.714805007118906,4.926117280669970,26.815415732000076,-5.055271455999957,29.264756499000043,-1.582627493999951
COD_Sud-Ubangi,Sud-Ubangi,COD,Gemena,Bangabola,,2025,CIESIN GRID3,multiple data sources,Sud-Ubangi_001,13.657343445982413,4.231411394585606,18.076036600000066,1.918481570000040,20.906433299000071,4.774840884000071
COD_Tanganyika,Tanganyika,COD,Kabalo,Ankoro,,2025,GRID3,multiple data sources,Tanganyika_001,0.032312816128668,0.000076779926101,29.401497739000035,-5.721815791999973,29.411928837000062,-5.711857578999968
COD_Tanganyika,Tanganyika,COD,Kabalo,Ankoro,,2025,GRID3,multiple data sources,Tanganyika_001,0.016816435557757,0.000020285916582,29.387565045000031,-5.693363636999948,29.393962875000057,-5.689056642999958
COD_Tanganyika,Tanganyika,COD,Kabalo,Ankoro,,2025,GRID3,multiple data sources,Tanganyika_001,0.010781708698457,0.000008800660383,29.353041170000040,-5.548415949999935,29.356473747000052,-5.545084523999947
COD_Tanganyika,Tanganyika,COD,Kabalo,Ankoro,,2025,GRID3,multiple data sources,Tanganyika_001,22.918863008649613,9.906371907470955,25.957151778000025,-8.450702933999935,30.593656965000037,-4.957216508999977
COD_Tshopo,Tshopo,COD,Kisangani,Bafwagbogbo,,2024,CIESIN GRID3,multiple data sources,Tshopo_001,28.821742093477418,15.902278088323270,22.260713619000057,-2.104603197999950,28.182299546000024,2.364297437000062
COD_Tshuapa,Tshuapa,COD,Boende,Befale,,2025,CIESIN GRID3,multiple data sources,Tshuapa_001,25.914808804448224,10.979785275474429,19.460045979000029,-2.537364377999950,24.446274109000058,1.778895054000031
